first_name,last_name,email,gender
Devora,Muckleston,bread,Female
Vikky,Wrinch,bread,Female
Konstantin,Pulhoster,bread,Male
George,Joules,bread,Female
Decca,Geockle,bread,Male
Therese,Windsor,bread,Female
Giulio,McCorrie,bread,Male
Bert,De Pero,bread,Male
Vito,Debney,bread,Male
Zea,Girardetti,bread,Female
Tarrance,Cowherd,bread,Male
Saudra,Zammitt,bread,Female
Myrtice,Gibb,bread,Female
Teressa,Ferdinand,bread,Female
Claudette,Bunton,bread,Female
Simeon,Smart,bread,Male
Bartholomeo,Denne,bread,Male
Juliette,Pow,bread,Female
Marjory,Leipold,bread,Female
Sammie,Commusso,bread,Male
Hussein,Godney,bread,Male
Penny,Coverly,bread,Male
Editha,Colton,bread,Female
Fern,Grishakin,bread,Female
Haze,Smallsman,bread,Male
Nicolis,Purslow,bread,Male
Hillard,McLardie,bread,Male
Janos,Beverstock,bread,Male
De witt,Varnham,bread,Male
Colin,Luard,bread,Male
Courtnay,Wanderschek,bread,Female
Allan,Gascoine,bread,Male
Alleyn,Angric,bread,Male
Orrin,Whitmore,bread,Male
Malinda,Blackbourn,bread,Female
Kalindi,Selkirk,bread,Female
Arlan,Timewell,bread,Male
Camala,Brady,bread,Female
Karna,Freiberg,bread,Female
Kirsteni,Benardeau,bread,Female
Corry,Tweddell,bread,Female
Aggy,Catchpole,bread,Female
Norene,Melbury,bread,Female
Carissa,Haverty,bread,Female
Morrie,Chalfont,bread,Male
Byron,Dunston,bread,Male
Nye,Mathias,bread,Male
Aluino,Cavey,bread,Male
Chev,Ainsworth,bread,Male
Melisande,Monteath,bread,Female
Richy,Bohlsen,bread,Male
Nat,McAline,bread,Male
Ava,Patsall,bread,Female
Nathanael,Whitcher,bread,Male
Avis,Mugridge,bread,Female
Karita,Baguley,bread,Female
Amos,Cracker,bread,Male
Berny,Linder,bread,Male
Gardener,Romushkin,bread,Male
Kathlin,Bohling,bread,Female
Flory,Kiddie,bread,Female
Urbano,Felce,bread,Male
Nikkie,Angric,bread,Female
Tann,Elstone,bread,Male
Fredrick,Jedrzejczak,bread,Male
Caroline,Cadreman,bread,Female
Turner,Sandyford,bread,Male
Charles,Guy,bread,Male
Jon,covino,bread,Male
Kelby,De Mattia,bread,Male
Nicoline,Probate,bread,Female
Marmaduke,Carnie,bread,Male
Eustacia,Lashmore,bread,Female
Marcellus,Serris,bread,Male
Kimble,Hutcheon,bread,Male
Rene,Swadlinge,bread,Female
Danni,Haggath,bread,Female
Danya,Ganning,bread,Male
Lauree,Gunson,bread,Female
Ros,Edards,bread,Female
Lowell,Tailour,bread,Male
Northrup,Ruzicka,bread,Male
Josefina,Blampied,bread,Female
Kile,Jeanneau,bread,Male
Francisca,Frankema,bread,Female
Tate,Rogeon,bread,Female
Corliss,Peinton,bread,Female
Pavla,Grimoldby,bread,Female
Abraham,Danielian,bread,Male
Krisha,Dunkerley,bread,Male
Bronny,Bennit,bread,Male
Sheeree,Vann,bread,Female
Fabian,Lampett,bread,Male
Dorothee,Tewes,bread,Female
Patrizio,Deplacido,bread,Male
Jonathon,Semon,bread,Male
Kaylyn,Tooker,bread,Female
Lilyan,Hast,bread,Female
Yoshi,Pummery,bread,Female
Gavin,Catt,bread,Male
Heinrik,Tock,bread,Male
Debra,McMaster,bread,Female
Phaidra,Murrish,bread,Female
Trixi,Tal,bread,Female
Delores,O'Scanlan,bread,Female
Cicely,Freda,bread,Female
Sarge,Matyasik,bread,Male
Jaymie,Feifer,bread,Male
Blanch,Dudill,bread,Female
Mia,Tebald,bread,Female
Ricki,Barrack,bread,Male
Maryjane,Rosson,bread,Female
Jenelle,Hurling,bread,Female
Corrinne,Clackers,bread,Female
Liana,Franciottoi,bread,Female
Dyann,Reyson,bread,Female
Leland,Wetherell,bread,Female
Andreas,Shipton,bread,Male
Meriel,Boyne,bread,Female
Armand,Coulling,bread,Male
Eba,Piegrome,bread,Female
Marlena,Keely,bread,Female
Casey,Sherwin,bread,Female
Curcio,Lead,bread,Male
Katti,Coupland,bread,Female
Niel,Seabert,bread,Male
Garik,Accomb,bread,Male
Dina,Creany,bread,Female
Hagan,Rankine,bread,Male
Tito,Drakeley,bread,Male
Orsola,Erett,bread,Female
Rana,Bellin,bread,Female
Fulvia,Paraman,bread,Female
Ambrosi,Morcomb,bread,Male
Gusta,Tison,bread,Female
Briny,Simkovitz,bread,Female
Reube,Calrow,bread,Male
Lawton,Landreth,bread,Male
Huntley,Wolledge,bread,Male
Nonna,Thebeau,bread,Female
Madlin,Tayspell,bread,Female
Natalya,Bonnett,bread,Female
Glenna,Cufley,bread,Female
Beniamino,De Marchi,bread,Male
Ingrid,Birckmann,bread,Female
Trixi,McFadin,bread,Female
Rustie,Reeman,bread,Male
Collie,Bartak,bread,Female
Elyn,Mil,bread,Female
Emalia,Cottee,bread,Female
Richard,Chatres,bread,Male
Fannie,Stodhart,bread,Female
Emma,Van Der Vlies,bread,Female
Jephthah,Hamlen,bread,Male
Nanny,Valentinetti,bread,Female
Karyn,Busby,bread,Female
Terza,Paten,bread,Female
Meredith,Skellorne,bread,Male
Rogers,Preskett,bread,Male
Levy,Waddicor,bread,Male
Anita,Mongan,bread,Female
Thom,Sterricker,bread,Male
Kenyon,Lonnon,bread,Male
Immanuel,Donnison,bread,Male
Frasier,Oade,bread,Male
Rockie,McHenry,bread,Male
Dalis,Incogna,bread,Male
Nichols,Jirka,bread,Male
Tommie,Gauch,bread,Female
Archaimbaud,Parratt,bread,Male
Alfy,Barlthrop,bread,Female
Adams,Naper,bread,Male
Ham,Tipping,bread,Male
Mohandas,Pettipher,bread,Male
Gav,Lydford,bread,Male
Hallie,Dyke,bread,Female
Jazmin,Erdely,bread,Female
Bertrando,Burgoin,bread,Male
Tanny,Jouhandeau,bread,Male
Paolina,Mapholm,bread,Female
Lauralee,Maypole,bread,Female
Kat,Furmedge,bread,Female
Jodi,Dacca,bread,Male
Niccolo,Lamshead,bread,Male
Claudius,Carnock,bread,Male
King,Gaddas,bread,Male
Kandy,Letson,bread,Female
Iosep,Giffin,bread,Male
Hulda,Blakden,bread,Female
Orelie,Urion,bread,Female
Elsie,Lerohan,bread,Female
Leslie,Dederick,bread,Female
Christy,Layne,bread,Male
Irena,Bennen,bread,Female
Bat,Mournian,bread,Male
Lilyan,Eccleshall,bread,Female
Maiga,Varley,bread,Female
Horacio,Brantl,bread,Male
Walton,Wainman,bread,Male
Arden,Issacoff,bread,Female
Cad,MacCague,bread,Male
Lavena,Forcade,bread,Female
Frannie,Switsur,bread,Female
Pamela,Dukelow,bread,Female
Way,Dillon,bread,Male
Malva,Ricciardo,bread,Female
Rocky,Scardafield,bread,Male
Kippar,Mixture,bread,Male
Martita,Coutts,bread,Female
Haskel,Guerner,bread,Male
Bonni,Dyerson,bread,Female
Cherrita,Kitchenham,bread,Female
Washington,Trathan,bread,Male
Carma,Askin,bread,Female
Nap,Cocozza,bread,Male
Loree,Kissell,bread,Female
Minnie,Deinhard,bread,Female
Paquito,Bourne,bread,Male
Granville,Wimpey,bread,Male
Alvis,Laxtonne,bread,Male
Tyrus,Watts,bread,Male
Jenine,Matkovic,bread,Female
Gerti,Cork,bread,Female
Hughie,Fremantle,bread,Male
Consuelo,Munnis,bread,Female
Suzanne,Pepon,bread,Female
Pietrek,O'Lunney,bread,Male
Pebrook,Diggles,bread,Male
Reagen,Jowett,bread,Male
Brear,Latchford,bread,Female
Tailor,Hawkyens,bread,Male
Patrizia,Coldrick,bread,Female
Nicola,Johnys,bread,Male
Bevon,Aucock,bread,Male
Trace,Cozens,bread,Male
Tova,Blackley,bread,Female
Vick,Dixcey,bread,Male
Lorette,Conibear,bread,Female
Cacilia,Dumbreck,bread,Female
Bald,Brendish,bread,Male
Waldon,Maffei,bread,Male
Lila,Arpur,bread,Female
Sonny,Crudginton,bread,Female
Shepherd,Boullin,bread,Male
Krystle,Lamburn,bread,Female
Gusta,Joanaud,bread,Female
Mortimer,Chaudret,bread,Male
Nike,Whisby,bread,Female
Kimmie,Bockman,bread,Female
Manon,Ferneyhough,bread,Female
Joye,Millwater,bread,Female
Tabby,Jeanel,bread,Male
Therine,Medwell,bread,Female
Cammy,Stedmond,bread,Male
Torrie,Revill,bread,Female
Allyce,Roddam,bread,Female
Johannah,Paish,bread,Female
Wally,Feldbau,bread,Male
Blinnie,Mullaney,bread,Female
Karlik,McAloren,bread,Male
Savina,Hawthorn,bread,Female
Nonna,Perrott,bread,Female
Diahann,Ricardo,bread,Female
Aurthur,Howerd,bread,Male
Regine,Maling,bread,Female
Margot,Gouinlock,bread,Female
Bartolomeo,Howe,bread,Male
Shandeigh,Fredy,bread,Female
Pippo,Lomansey,bread,Male
Jessamyn,Birtwhistle,bread,Female
Dyna,Slixby,bread,Female
Vernen,Beazer,bread,Male
Alfie,Plank,bread,Male
Alexis,Toquet,bread,Female
Beitris,Figge,bread,Female
Edward,Snowsill,bread,Male
Laurette,McOrkil,bread,Female
Ganny,Whisker,bread,Male
Almeria,Doran,bread,Female
Kizzie,Belli,bread,Female
Carla,Rhoddie,bread,Female
Pauly,Dairton,bread,Female
Jesus,Talton,bread,Male
Lock,Faudrie,bread,Male
Arabel,Goldingay,bread,Female
Ernst,Miguet,bread,Male
Estell,Terzo,bread,Female
Maudie,Tellenbach,bread,Female
Jerrie,Manders,bread,Male
Ava,Franciskiewicz,bread,Female
Lennie,Peter,bread,Male
Belle,Smeall,bread,Female
Alexis,Gresswell,bread,Female
Rene,Affleck,bread,Female
Ban,Dominicacci,bread,Male
Inigo,Hoyte,bread,Male
Rutger,Gerant,bread,Male
Wait,Osinin,bread,Male
Natty,Petofi,bread,Male
Lane,Somerled,bread,Male
Carling,Doxey,bread,Male
Ashly,Pendrich,bread,Female
Cristie,Yurchishin,bread,Female
Kermit,Huncoot,bread,Male
Delinda,Muirden,bread,Female
Gawen,Waddingham,bread,Male
Burr,Peert,bread,Male
Helen,Kiellor,bread,Female
Farrell,Bulle,bread,Male
Sharai,Crotty,bread,Female
Ashla,Byham,bread,Female
Powell,Canete,bread,Male
Brynne,Gregor,bread,Female
Renee,Delicate,bread,Female
Aldis,Dugget,bread,Male
Tris,Segoe,bread,Male
Maurizio,Mungin,bread,Male
Danella,Seamarke,bread,Female
Phillis,Carbery,bread,Female
Farica,Winchcombe,bread,Female
Godfry,Chanders,bread,Male
Shanna,Slark,bread,Female
Hildagarde,Portigall,bread,Female
Cordell,Webb-Bowen,bread,Male
Gary,Struthers,bread,Male
Tamera,Bootton,bread,Female
Carver,Trusse,bread,Male
Eloise,Olech,bread,Female
Malchy,Torfin,bread,Male
Kristien,Perle,bread,Female
Burty,Perch,bread,Male
Aksel,Esel,bread,Male
Rock,Paish,bread,Male
Adriena,Petche,bread,Female
Shaughn,Sasser,bread,Male
Stefanie,Goneau,bread,Female
Dita,Batcock,bread,Female
Jessi,Raithby,bread,Female
Haywood,Ortiga,bread,Male
Shawn,Jewer,bread,Male
Bess,Vinker,bread,Female
Tait,Hopfer,bread,Male
Janina,Archdeckne,bread,Female
Phil,Malser,bread,Female
Katerine,Ragg,bread,Female
Jemmie,Coye,bread,Female
Emilia,Galloway,bread,Female
Creight,Coupar,bread,Male
Becca,Matyas,bread,Female
Ruby,Kohtler,bread,Female
Kaile,Pyne,bread,Female
Lenette,Narrie,bread,Female
Tiff,Enrigo,bread,Female
Artemus,Overland,bread,Male
Honey,Gabbidon,bread,Female
Rutherford,Kettleson,bread,Male
Constantine,Winkett,bread,Male
Ddene,Braywood,bread,Female
Dur,Heeps,bread,Male
Celeste,Robe,bread,Female
Dalli,Scedall,bread,Male
Berke,Dorken,bread,Male
Jackqueline,Cutress,bread,Female
Lorin,Van Hault,bread,Male
Howey,Ruddom,bread,Male
Lorrin,Chaucer,bread,Female
Matthias,Davidai,bread,Male
Brandea,Mayger,bread,Female
Taddeusz,Winstanley,bread,Male
Gaylord,Ciardo,bread,Male
Derick,Philler,bread,Male
Dorris,Aisbett,bread,Female
Kev,Dogerty,bread,Male
Luisa,Basten,bread,Female
Vernon,Morville,bread,Male
Flora,Filinkov,bread,Female
Fielding,Bellon,bread,Male
Bernhard,Uzzell,bread,Male
Hall,Weatherley,bread,Male
Vito,Slide,bread,Male
Elfrida,Willets,bread,Female
Vin,Hardwin,bread,Male
Georgetta,Huish,bread,Female
Corissa,Bogie,bread,Female
Frayda,Cartlidge,bread,Female
Kikelia,Teaz,bread,Female
Keene,Rutter,bread,Male
Margot,Mora,bread,Female
Erhard,Lealle,bread,Male
Sascha,Sangar,bread,Female
Dotti,Heikkinen,bread,Female
Katleen,Copello,bread,Female
Andrej,Fidoe,bread,Male
Corinna,Ouver,bread,Female
Ogden,Donisthorpe,bread,Male
Griz,Swaisland,bread,Male
Camilla,Covey,bread,Female
Gene,Klass,bread,Female
Germain,Baleine,bread,Male
Winifred,Drinkale,bread,Female
Oralie,Dullingham,bread,Female
Vivian,Kimmince,bread,Female
Natty,Shillabeer,bread,Female
Whittaker,Glidden,bread,Male
Luce,Whiteley,bread,Male
Flemming,Lillecrap,bread,Male
Lindsey,Nobles,bread,Female
Daron,Davage,bread,Female
Barrie,Hearley,bread,Male
Hugh,Brecon,bread,Male
Bernete,Feenan,bread,Female
Ami,Gurdon,bread,Female
Uriel,Ladell,bread,Male
Jervis,Gough,bread,Male
Lenci,Besemer,bread,Male
Wilbur,Migheli,bread,Male
Karalee,Santi,bread,Female
Beverlee,Arlt,bread,Female
Rianon,Willcock,bread,Female
Casper,Dulwich,bread,Male
Rikki,Swatland,bread,Male
Emmet,Gherardelli,bread,Male
Shelli,Nehls,bread,Female
Kaiser,Swale,bread,Male
Ariel,Cockin,bread,Female
Laurel,Tomeo,bread,Female
Valina,Proughten,bread,Female
Borg,Harbron,bread,Male
Ada,Downgate,bread,Female
Bernadette,Wickett,bread,Female
Avis,Dake,bread,Female
Heath,Reinard,bread,Male
Piotr,Watterson,bread,Male
Koressa,Towns,bread,Female
Dalenna,Audritt,bread,Female
Raychel,Brenard,bread,Female
Alis,Bendin,bread,Female
Matias,Sleaford,bread,Male
Leslie,Gane,bread,Male
Abra,Semmens,bread,Female
Godfree,Joreau,bread,Male
Odelle,Depke,bread,Female
Charyl,Briiginshaw,bread,Female
Dunn,Fellini,bread,Male
Lucian,Schaffel,bread,Male
Trever,Pumfrey,bread,Male
Sibyl,Sinkinson,bread,Female
Reed,Ballin,bread,Male
Bette,Labrum,bread,Female
Felizio,Winning,bread,Male
Noel,Arbor,bread,Male
Tierney,Uman,bread,Female
Thurston,Cardinale,bread,Male
Sancho,Furst,bread,Male
Cole,MacLese,bread,Male
Claus,Behne,bread,Male
Vivia,Wimbush,bread,Female
Frants,Tinston,bread,Male
Montague,Ranvoise,bread,Male
Judye,Rillatt,bread,Female
Lem,Briggdale,bread,Male
Lanae,Iron,bread,Female
Tadeo,Gennings,bread,Male
Giacinta,Brownlee,bread,Female
Hastings,Andrick,bread,Male
Patrice,Seabrook,bread,Male
Koralle,Rampley,bread,Female
Allistir,Mallord,bread,Male
Padraic,De Lascy,bread,Male
Ozzie,Gaunson,bread,Male
Jeno,Futcher,bread,Male
Franz,Cashin,bread,Male
Aluino,Askie,bread,Male
Jorie,Rubinek,bread,Female
Hillie,Eilers,bread,Male
Reina,Partkya,bread,Female
Sterne,Behagg,bread,Male
Brit,Dargue,bread,Female
Philip,Dauney,bread,Male
Batholomew,Johnigan,bread,Male
Rosanne,Gingedale,bread,Female
Hanny,Bunson,bread,Female
Gasper,Hawkswell,bread,Male
Kris,Sondland,bread,Female
Fancy,Dagon,bread,Female
Hobard,Vern,bread,Male
Mahala,Scamwell,bread,Female
Lodovico,Collidge,bread,Male
Ingra,Benardet,bread,Male
Horatia,Brahms,bread,Female
Webster,Birds,bread,Male
Sarge,Ollis,bread,Male
Caspar,Claasen,bread,Male
Micah,Scotland,bread,Male
Georgette,Follett,bread,Female
Dniren,Taill,bread,Female
Cherye,Proswell,bread,Female
Georgi,Shortland,bread,Male
